{"west": -95.87645771640346, "south": 40.65779910949463, "east": -69.56067116532586, "north": 56.90087648639551}